{
  "$schema": "https://developer.microsoft.com/json-schemas/spfx/client-side-web-part-manifest.schema.json",
  "id": "932f460d-b5d6-4860-a9e9-db832674dc93",
  "alias": "RequestFormWebPart",
  "componentType": "WebPart",

  "version": "*",
  "manifestVersion": 2,


  "requiresCustomScript": false,
  "supportedHosts": ["SharePointWebPart", "TeamsPersonalApp", "TeamsTab", "SharePointFullPage"],
  "supportsThemeVariants": true,

  "preconfiguredEntries": [{
    "groupId": "5c03119e-3074-46fd-976b-c60198311f70", 
    "group": { "default": "Other" },
    "title": { "default": "RequestForm" },
    "description": { "default": "RequestForm description" },
    "officeFabricIconFontName": "Page",
    "properties": {
      "description": "RequestForm"
    }
  }]
}
