{
  "$schema": "https://developer.microsoft.com/json-schemas/spfx/client-side-web-part-manifest.schema.json",
  "id": "675f5cac-15da-4e20-9621-2dc355b58137",
  "alias": "ContractFormWebPart",
  "componentType": "WebPart",

  "version": "*",
  "manifestVersion": 2,


  "requiresCustomScript": false,
  "supportedHosts": ["SharePointWebPart", "TeamsPersonalApp", "TeamsTab", "SharePointFullPage"],
  "supportsThemeVariants": true,

  "preconfiguredEntries": [{
    "groupId": "5c03119e-3074-46fd-976b-c60198311f70", 
    "title": { "default": "ContractForm" },
    "description": { "default": "ContractForm description" },
    "officeFabricIconFontName": "Page",
    "properties": {
      "description": "ContractForm"
    }
  }]
}
